ID,title
6598,Play Beach
6599,Paintball Gent
6600,Rafting & Outdoor Events
6601,Sportcentrum Stadium Coupure
6602,Sport- en recreatiepark Blaarmeersen
6629,Beroepenhuis
6665,De bootjes van Gent
6667,Rederij De Gentenaer
6667,Rederij De Gentenaer
6667,Rederij De Gentenaer
6667,Rederij De Gentenaer
6670,Leiecruise
6670,Leiecruise
6670,Leiecruise
6670,Leiecruise
6671,Minerva Boat Company
6672,Yachtcharter Gent
6673,Leie Yachting
6675,Per koets
6676,Appelbrugparkje
6677,Graffitistraatje
6678,Binnentuin Sint-Pietersabdij
6679,Openbaar vervoer
6684,Tierenteyn
6685,Gandaham
6687,Snoepgoed
6691,Gruut
6693,Roomer
6694,Bistro J'ai trouve
6696,Brood-huys
6697,Huize Colette
6698,Julies house
6699,Le Pain Perdu
6700,Le Pain Quotidien
6701,Oud Huis Himschoot
6702,Simon Says
6742,Zwembad Neptunus
6743,Zwembad Rooigem
6744,SR Rozebroeken
6745,Zwembad Strop
6788,'t Toreken
6789,Aanbidding van het Lam Gods
6790,Achtersikkel
6791,"Alison, het geheim van de gevallen engelen"
6792,Arcatheater
6793,Aula van de Universiteit Gent
6794,Baudelopark
6795,Belfort
6797,Boekentoren
6798,Campo Santo
6799,Capitole
6800,Sphinx cinema
6801,Citadelpark
6802,Dampoort
6803,De wereld van Kina: de Tuin
6804,De wereld van Kina: het Huis
6805,Design museum Gent
6806,Geeraard de Duivelsteen
6807,Glazen straatje
6808,Gras- en Korenlei
6809,Gravensteen
6810,Groot Begijnhof Sint-Elisabeth
6811,Groot Kanon
6812,Groot Vleeshuis
