id,name,country
1,Rhybox,Greece
2,Reallinks,Ukraine
3,Yadel,Indonesia
4,Brainbox,Russia
5,Realbridge,Egypt
6,Flipbug,China
7,Linkbridge,Portugal
8,Eamia,France
9,Tagcat,Italy
10,Zoozzy,New Zealand
11,Podcat,Poland
12,Livetube,Azerbaijan
13,Jabbersphere,China
14,Yodo,France
15,Zoozzy,Tanzania
16,Innotype,Brazil
17,Agimba,Poland
18,Babbleset,Japan
19,Yadel,China
20,Tagfeed,China
21,Jaxnation,Indonesia
22,Rhynyx,Brazil
23,Linklinks,Ecuador
24,Yamia,China
25,Skinder,Philippines
26,Meejo,China
27,Bluejam,France
28,Pixonyx,Czech Republic
29,Jamia,United States
30,Thoughtmix,Switzerland
31,Blogtags,Kazakhstan
32,Yozio,China
33,Topicware,Nicaragua
34,Mycat,Philippines
35,Photobean,Indonesia
36,Meedoo,Honduras
37,Flashspan,Indonesia
38,Gabtune,Macedonia
39,Jayo,Argentina
40,Eadel,Philippines
41,Jaloo,Russia
42,Zoozzy,China
43,Kwideo,Russia
44,Wordpedia,Sweden
45,Kwilith,China
46,Oyondu,China
47,Yambee,China
48,Fivechat,Vietnam
49,Oyondu,Japan
50,Meevee,Indonesia
51,Yombu,Indonesia
52,Quire,Canada
53,Realpoint,China
54,Twimm,Greece
55,Meeveo,Russia
56,Eidel,Morocco
57,Gabtune,Indonesia
58,Edgeify,Peru
59,Dablist,Indonesia
60,Browseblab,Brazil
61,Photospace,Peru
62,Twitterlist,China
63,Trupe,Indonesia
64,Oodoo,Thailand
65,Wordtune,Iran
66,Avaveo,Vietnam
67,Photospace,Norway
68,Devify,Ukraine
69,Oyope,Russia
70,Talane,Sweden
71,Photospace,Russia
72,Linklinks,China
73,Fivebridge,Indonesia
74,Voonix,Burkina Faso
75,Topicware,China
76,Linklinks,Indonesia
77,Jaxworks,Bosnia and Herzegovina
78,Skyba,Greece
79,Agivu,Colombia
80,Tavu,Russia
81,Cogidoo,Indonesia
82,Roomm,Morocco
83,Oozz,Netherlands
84,Skimia,Norway
85,Quinu,Russia
86,Roodel,Argentina
87,Roomm,France
88,Divanoodle,Brazil
89,Feedmix,Greece
90,Thoughtblab,Philippines
91,Aimbu,China
92,Skipfire,Colombia
93,Einti,Czech Republic
94,Yamia,Philippines
95,Innojam,Martinique
96,Oyonder,Brazil
97,Yacero,Thailand
98,Mydeo,Nigeria
99,Wikibox,China
100,Meedoo,Czech Republic
